{"cameraMode":{"drawMode":0,"name":"Shaded","section":"Shading Mode"},"sceneLighting":true,"audioPlay":false,"sceneViewState":{"m_AlwaysRefresh":false,"showFog":true,"showSkybox":true,"showFlares":true,"showImageEffects":true,"showParticleSystems":true,"showVisualEffectGraphs":true,"m_FxEnabled":true},"in2DMode":false,"pivot":{"x":0.3041372299194336,"y":2.0767617225646974,"z":14.74517822265625},"rotation":{"x":0.078095942735672,"y":0.05828274413943291,"z":-0.004573590122163296,"w":0.9952324628829956},"size":14.993163108825684,"orthographic":false}