{"cameraMode":{"drawMode":0,"name":"Shaded","section":"Shading Mode"},"sceneLighting":true,"audioPlay":false,"sceneViewState":{"m_AlwaysRefresh":false,"showFog":true,"showSkybox":true,"showFlares":true,"showImageEffects":true,"showParticleSystems":true,"showVisualEffectGraphs":true,"m_FxEnabled":true},"in2DMode":false,"pivot":{"x":-6.025631904602051,"y":-1.767557144165039,"z":27.237686157226564},"rotation":{"x":-0.03418244048953056,"y":0.008990317583084107,"z":0.0003074568521697074,"w":0.9993818998336792},"size":37.07444763183594,"orthographic":false}