{"cameraMode":{"drawMode":0,"name":"Shaded","section":"Shading Mode"},"sceneLighting":true,"audioPlay":false,"sceneViewState":{"m_AlwaysRefresh":false,"showFog":true,"showSkybox":true,"showFlares":true,"showImageEffects":true,"showParticleSystems":true,"showVisualEffectGraphs":true,"m_FxEnabled":true},"in2DMode":false,"pivot":{"x":3.372840404510498,"y":-1.2647173404693604,"z":-11.325786590576172},"rotation":{"x":0.04677389934659004,"y":-0.028469592332839967,"z":0.0013350470690056682,"w":0.9985055327415466},"size":20.65579605102539,"orthographic":false}