{"cameraMode":{"drawMode":0,"name":"Shaded","section":"Shading Mode"},"sceneLighting":true,"audioPlay":false,"sceneViewState":{"m_AlwaysRefresh":false,"showFog":true,"showSkybox":true,"showFlares":true,"showImageEffects":true,"showParticleSystems":true,"showVisualEffectGraphs":true,"m_FxEnabled":true},"in2DMode":false,"pivot":{"x":8.001823425292969,"y":0.16975748538970948,"z":16.73602294921875},"rotation":{"x":0.013808662071824074,"y":0.008993963710963726,"z":-0.00012461600999813527,"w":0.9998682737350464},"size":59.98964309692383,"orthographic":false}