{"cameraMode":{"drawMode":0,"name":"Shaded","section":"Shading Mode"},"sceneLighting":false,"audioPlay":false,"sceneViewState":{"m_AlwaysRefresh":false,"showFog":true,"showSkybox":false,"showFlares":true,"showImageEffects":true,"showParticleSystems":true,"showVisualEffectGraphs":true,"m_FxEnabled":true},"in2DMode":false,"pivot":{"x":-2.002258539199829,"y":0.85075843334198,"z":0.16972994804382325},"rotation":{"x":0.025790341198444368,"y":-0.035984769463539126,"z":0.0009282051469199359,"w":0.9990267753601074},"size":2.6151535511016847,"orthographic":false}